{
  "meta": {
    "name": "Arcana",
    "filename": "arcana",
    "version": 3
  },
  "3d_viewer": {
    "background_bottom": "rgb(102, 102, 128)",
    "background_top": "rgb(204, 204, 230)",
    "board": "rgba(51, 43, 23, 0.902)",
    "copper": "rgb(179, 156, 0)",
    "silkscreen_bottom": "rgb(230, 230, 230)",
    "silkscreen_top": "rgb(230, 230, 230)",
    "soldermask_bottom": "rgba(20, 51, 36, 0.831)",
    "soldermask_top": "rgba(20, 51, 36, 0.831)",
    "solderpaste": "rgb(128, 128, 128)",
    "use_board_stackup_colors": false
  },
  "board": {
    "anchor": "rgb(38, 163, 217)",
    "aux_items": "rgb(0, 0, 0)",
    "b_adhes": "rgb(241, 153, 75)",
    "b_crtyd": "rgb(212, 212, 212)",
    "b_fab": "rgb(73, 74, 80)",
    "b_mask": "rgb(253, 253, 253)",
    "b_paste": "rgba(0, 194, 194, 0.902)",
    "b_silks": "rgb(212, 212, 212)",
    "background": "rgb(37, 37, 38)",
    "cmts_user": "rgb(73, 74, 80)",
    "copper": {
      "b": "rgb(83, 169, 253)",
      "f": "rgb(175, 146, 251)",
      "in1": "rgb(89, 229, 109)",
      "in10": "rgb(237, 124, 51)",
      "in11": "rgb(91, 195, 235)",
      "in12": "rgb(247, 111, 142)",
      "in13": "rgb(167, 165, 198)",
      "in14": "rgb(40, 204, 217)",
      "in15": "rgb(232, 178, 167)",
      "in16": "rgb(242, 237, 161)",
      "in17": "rgb(237, 124, 51)",
      "in18": "rgb(91, 195, 235)",
      "in19": "rgb(247, 111, 142)",
      "in2": "rgb(205, 66, 126)",
      "in20": "rgb(167, 165, 198)",
      "in21": "rgb(40, 204, 217)",
      "in22": "rgb(232, 178, 167)",
      "in23": "rgb(242, 237, 161)",
      "in24": "rgb(237, 124, 51)",
      "in25": "rgb(91, 195, 235)",
      "in26": "rgb(247, 111, 142)",
      "in27": "rgb(167, 165, 198)",
      "in28": "rgb(40, 204, 217)",
      "in29": "rgb(232, 178, 167)",
      "in3": "rgb(38, 163, 217)",
      "in30": "rgb(242, 237, 161)",
      "in4": "rgb(241, 153, 75)",
      "in5": "rgb(0, 153, 77)",
      "in6": "rgb(108, 45, 190)",
      "in7": "rgb(13, 160, 116)",
      "in8": "rgb(242, 237, 161)",
      "in9": "rgb(141, 203, 129)"
    },
    "cursor": "rgb(212, 212, 212)",
    "drc_error": "rgb(234, 87, 87)",
    "drc_exclusion": "rgba(255, 255, 255, 0.800)",
    "drc_warning": "rgb(241, 153, 75)",
    "dwgs_user": "rgb(73, 74, 80)",
    "eco1_user": "rgb(180, 219, 210)",
    "eco2_user": "rgb(216, 200, 82)",
    "edge_cuts": "rgb(255, 180, 91)",
    "f_adhes": "rgb(108, 45, 190)",
    "f_crtyd": "rgb(212, 212, 212)",
    "f_fab": "rgb(73, 74, 80)",
    "f_mask": "rgb(253, 253, 253)",
    "f_paste": "rgba(180, 160, 154, 0.902)",
    "f_silks": "rgb(212, 212, 212)",
    "footprint_text_invisible": "rgb(48, 49, 54)",
    "grid": "rgb(73, 74, 80)",
    "grid_axes": "rgb(38, 163, 217)",
    "margin": "rgb(212, 212, 212)",
    "no_connect": "rgb(247, 231, 64)",
    "pad_plated_hole": "rgb(194, 194, 0)",
    "pad_through_hole": "rgb(175, 146, 251)",
    "plated_hole": "rgb(247, 231, 64)",
    "ratsnest": "rgb(212, 212, 212)",
    "user_1": "rgb(194, 194, 194)",
    "user_2": "rgb(89, 148, 220)",
    "user_3": "rgb(180, 219, 210)",
    "user_4": "rgb(216, 200, 82)",
    "user_5": "rgb(194, 194, 194)",
    "user_6": "rgb(89, 148, 220)",
    "user_7": "rgb(180, 219, 210)",
    "user_8": "rgb(216, 200, 82)",
    "user_9": "rgb(232, 178, 167)",
    "via_blind_buried": "rgb(38, 163, 217)",
    "via_hole": "rgb(175, 146, 251)",
    "via_micro": "rgb(38, 163, 217)",
    "via_through": "rgb(175, 146, 251)",
    "worksheet": "rgb(162, 162, 162)"
  },
  "gerbview": {
    "axes": "rgb(38, 163, 217)",
    "background": "rgb(37, 37, 38)",
    "dcodes": "rgb(255, 255, 255)",
    "grid": "rgb(73, 74, 80)",
    "layers": [
      "rgb(200, 52, 52)",
      "rgb(127, 200, 127)",
      "rgb(206, 125, 44)",
      "rgb(79, 203, 203)",
      "rgb(219, 98, 139)",
      "rgb(167, 165, 198)",
      "rgb(40, 204, 217)",
      "rgb(232, 178, 167)",
      "rgb(242, 237, 161)",
      "rgb(141, 203, 129)",
      "rgb(237, 124, 51)",
      "rgb(91, 195, 235)",
      "rgb(247, 111, 142)",
      "rgb(77, 127, 196)",
      "rgb(200, 52, 52)",
      "rgb(127, 200, 127)",
      "rgb(206, 125, 44)",
      "rgb(79, 203, 203)",
      "rgb(219, 98, 139)",
      "rgb(167, 165, 198)",
      "rgb(40, 204, 217)",
      "rgb(232, 178, 167)",
      "rgb(242, 237, 161)",
      "rgb(141, 203, 129)",
      "rgb(237, 124, 51)",
      "rgb(91, 195, 235)",
      "rgb(247, 111, 142)",
      "rgb(77, 127, 196)",
      "rgb(200, 52, 52)",
      "rgb(127, 200, 127)",
      "rgb(206, 125, 44)",
      "rgb(79, 203, 203)",
      "rgb(219, 98, 139)",
      "rgb(167, 165, 198)",
      "rgb(40, 204, 217)",
      "rgb(232, 178, 167)",
      "rgb(242, 237, 161)",
      "rgb(141, 203, 129)",
      "rgb(237, 124, 51)",
      "rgb(91, 195, 235)",
      "rgb(247, 111, 142)",
      "rgb(77, 127, 196)",
      "rgb(200, 52, 52)",
      "rgb(127, 200, 127)",
      "rgb(206, 125, 44)",
      "rgb(79, 203, 203)",
      "rgb(219, 98, 139)",
      "rgb(167, 165, 198)",
      "rgb(40, 204, 217)",
      "rgb(232, 178, 167)",
      "rgb(242, 237, 161)",
      "rgb(141, 203, 129)",
      "rgb(237, 124, 51)",
      "rgb(91, 195, 235)",
      "rgb(247, 111, 142)",
      "rgb(77, 127, 196)",
      "rgb(200, 52, 52)",
      "rgb(127, 200, 127)",
      "rgb(206, 125, 44)",
      "rgb(79, 203, 203)"
    ],
    "negative_objects": "rgb(132, 132, 132)",
    "worksheet": "rgb(0, 0, 132)"
  },
  "schematic": {
    "anchor": "rgb(38, 163, 217)",
    "aux_items": "rgb(0, 0, 0)",
    "background": "rgb(37, 37, 38)",
    "brightened": "rgb(255, 109, 127)",
    "bus": "rgb(83, 169, 253)",
    "bus_junction": "rgb(83, 169, 253)",
    "component_body": "rgb(37, 37, 38)",
    "component_outline": "rgb(175, 146, 251)",
    "cursor": "rgb(212, 212, 212)",
    "erc_error": "rgb(234, 87, 87)",
    "erc_warning": "rgb(241, 153, 75)",
    "fields": "rgb(174, 129, 255)",
    "grid": "rgb(73, 74, 80)",
    "grid_axes": "rgb(38, 163, 217)",
    "hidden": "rgb(48, 49, 54)",
    "junction": "rgb(89, 229, 109)",
    "label_global": "rgb(255, 109, 127)",
    "label_hier": "rgb(175, 146, 251)",
    "label_local": "rgb(212, 212, 212)",
    "no_connect": "rgb(247, 231, 64)",
    "note": "rgb(212, 212, 212)",
    "override_item_colors": false,
    "pin": "rgb(175, 146, 251)",
    "pin_name": "rgb(175, 146, 251)",
    "pin_number": "rgb(162, 162, 162)",
    "reference": "rgb(255, 180, 91)",
    "shadow": "rgba(102, 179, 255, 0.800)",
    "sheet": "rgb(255, 180, 91)",
    "sheet_background": "rgb(37, 37, 38)",
    "sheet_fields": "rgb(205, 66, 126)",
    "sheet_filename": "rgb(255, 180, 91)",
    "sheet_label": "rgb(175, 146, 251)",
    "sheet_name": "rgb(175, 146, 251)",
    "value": "rgb(255, 180, 91)",
    "wire": "rgb(89, 229, 109)",
    "worksheet": "rgb(162, 162, 162)"
  }
}
