{
  "meta": {
    "filename": "wlight",
    "name": "wLight (Schematic only)",
    "version": 1
  },
  "schematic": {
    "anchor": "rgb(0, 0, 255)",
    "aux_items": "rgb(0, 0, 0)",
    "background": "rgb(255, 252, 248)",
    "brightened": "rgb(255, 0, 255)",
    "bus": "rgb(0, 0, 255)",
    "bus_junction": "rgb(0, 0, 255)",
    "component_body": "rgb(255, 254, 208)",
    "component_outline": "rgb(0, 0, 0)",
    "cursor": "rgb(0, 0, 0)",
    "erc_error": "rgba(255, 0, 0, 0.800)",
    "erc_warning": "rgba(0, 255, 0, 0.800)",
    "fields": "rgb(132, 0, 132)",
    "grid": "rgb(132, 132, 132)",
    "grid_axes": "rgb(0, 0, 132)",
    "hidden": "rgb(194, 194, 194)",
    "junction": "rgb(0, 0, 128)",
    "label_global": "rgb(128, 0, 0)",
    "label_hier": "rgb(128, 0, 0)",
    "label_local": "rgb(0, 0, 128)",
    "net_name": "rgb(132, 132, 132)",
    "no_connect": "rgb(0, 0, 132)",
    "note": "rgb(0, 128, 0)",
    "override_item_colors": true,
    "pin": "rgb(0, 0, 0)",
    "pin_name": "rgb(0, 0, 0)",
    "pin_number": "rgb(128, 128, 128)",
    "reference": "rgb(0, 0, 128)",
    "shadow": "rgba(102, 179, 255, 0.800)",
    "sheet": "rgb(0, 0, 0)",
    "sheet_background": "rgb(192, 255, 184)",
    "sheet_fields": "rgb(0, 0, 128)",
    "sheet_filename": "rgb(0, 0, 128)",
    "sheet_label": "rgb(128, 0, 0)",
    "sheet_name": "rgb(0, 0, 128)",
    "value": "rgb(0, 0, 132)",
    "wire": "rgb(0, 0, 128)",
    "worksheet": "rgb(0, 0, 0)"
  }
}
