{
    "$schema": "https://go.kicad.org/pcm/schemas/v1",
    "name": "Black-White Theme",
    "description": "Designed for printing",
    "description_full": "Designed for printing",
    "identifier": "com.github.pointhi.kicad-color-schemes.black-white",
    "type": "colortheme",
    "author": {
        "name": "Thomas Pointhuber",
        "contact": {
            "web": "https://github.com/pointhi/kicad-color-schemes/"
        }
    },
    "maintainer": {
        "name": "Thomas Pointhuber",
        "contact": {
            "web": "https://github.com/pointhi/kicad-color-schemes/"
        }
    },
    "license": "CC0-1.0",
    "resources": {
        "Github": "https://github.com/pointhi/kicad-color-schemes"
    },
    "versions": [{
        "version": "1.1",
        "status": "stable",
        "kicad_version": "5.99"
    }]
}
